{"docstore/metadata": {"2f98f707-1bc2-4630-b1fc-4694cf9022f0": {"doc_hash": "39cf2f79a621ece500a47b48a2f459ca12d0686aaea1e73bca9a2a92b3d6a716"}, "e07bb6d2-d3c1-4902-a82c-b245fb4006e6": {"doc_hash": "aefbaa7898102299e543f2dfb69f2737a70e806a67f3c7bb7c438ced531b70b6", "ref_doc_id": "2f98f707-1bc2-4630-b1fc-4694cf9022f0"}, "7587d94a-9fef-4eae-b606-b87a3d275a38": {"doc_hash": "31b7ce2e9bf4f7cd0e5830d02ea4fa39bf3870751e298d2c2ec12e36bcb4815b", "ref_doc_id": "2f98f707-1bc2-4630-b1fc-4694cf9022f0"}, "5f26b506-f4af-4c9a-bec4-63065efbcf4c": {"doc_hash": "bdff961aa0860260db55750b7942a400cb6975e7026d37154b4971dd08541ba9", "ref_doc_id": "2f98f707-1bc2-4630-b1fc-4694cf9022f0"}, "3a924d85-5c94-4597-b297-5e618bfcadcf": {"doc_hash": "ebae652cb46233b742842351779bf12c3924d2b16466ba03b7bffbde9ffac6c6", "ref_doc_id": "2f98f707-1bc2-4630-b1fc-4694cf9022f0"}, "a0025154-ebc6-4ea3-a1b5-835673b10429": {"doc_hash": "b704be33f985abba42f5795afeb571da143b7b29ede2bbb7943f7c8a85f11f6b", "ref_doc_id": "2f98f707-1bc2-4630-b1fc-4694cf9022f0"}, "4fc786ce-bb6d-4d13-97f4-215010c42c79": {"doc_hash": "b4ad59d834b804ce2bfc6af98412286566abe6386fb4a4aa8d52286d9f341263", "ref_doc_id": "2f98f707-1bc2-4630-b1fc-4694cf9022f0"}, "cca87b11-bec6-46f4-9bd0-464e4ac60ac5": {"doc_hash": "d0d953c23d67e0b21cc9487c9277ca6e74345744deb55af4baa44852328473fa", "ref_doc_id": "2f98f707-1bc2-4630-b1fc-4694cf9022f0"}, "d0850fc2-6bf4-49ea-8492-3ae885b6124f": {"doc_hash": "1c6e53888d58a8584eefbb0fcbd886206bfe7913ae84c96bc798546a94a40036", "ref_doc_id": "2f98f707-1bc2-4630-b1fc-4694cf9022f0"}, "8ae7daf3-a1c0-4eb1-abb3-0050b1410bcc": {"doc_hash": "f27bb841008ca7d8ff6ea023c34678586459d15cefe2003ce575516ad92f45f3", "ref_doc_id": "2f98f707-1bc2-4630-b1fc-4694cf9022f0"}, "e42dff82-cdbd-4423-827a-0eb39c932b06": {"doc_hash": "e1046798b19502864caf2075ed33c557eb755eecec98ff849987bda5309277c9", "ref_doc_id": "2f98f707-1bc2-4630-b1fc-4694cf9022f0"}, "d511362d-48d0-4bdf-a28f-49cd3bf3f093": {"doc_hash": "d1bed159ea27c43471de667e16a5c79bc32175c7cc5310c84b601885c661c90e", "ref_doc_id": "2f98f707-1bc2-4630-b1fc-4694cf9022f0"}}, "docstore/data": {"e07bb6d2-d3c1-4902-a82c-b245fb4006e6": {"__data__": {"id_": "e07bb6d2-d3c1-4902-a82c-b245fb4006e6", "embedding": null, "metadata": {"file_name": "description_personna.docx", "file_path": "C:\\Users\\HP\\Documents\\projet_option\\v2\\data_persona\\description_personna.docx", "file_type": "application/vnd.openxmlformats-officedocument.wordprocessingml.document", "file_size": 33930, "creation_date": "2025-02-05", "last_modified_date": "2025-01-07"}, "excluded_embed_metadata_keys": ["file_name", "file_type", "file_size", "creation_date", "last_modified_date", "last_accessed_date"], "excluded_llm_metadata_keys": ["file_name", "file_type", "file_size", "creation_date", "last_modified_date", "last_accessed_date"], "relationships": {"1": {"node_id": "2f98f707-1bc2-4630-b1fc-4694cf9022f0", "node_type": "4", "metadata": {"file_name": "description_personna.docx", "file_path": "C:\\Users\\HP\\Documents\\projet_option\\v2\\data_persona\\description_personna.docx", "file_type": "application/vnd.openxmlformats-officedocument.wordprocessingml.document", "file_size": 33930, "creation_date": "2025-02-05", "last_modified_date": "2025-01-07"}, "hash": "39cf2f79a621ece500a47b48a2f459ca12d0686aaea1e73bca9a2a92b3d6a716", "class_name": "RelatedNodeInfo"}, "3": {"node_id": "7587d94a-9fef-4eae-b606-b87a3d275a38", "node_type": "1", "metadata": {}, "hash": "fe04a6f7760eee35c54bffa90042654cb7dc486806d8ee4b63240dda9139e906", "class_name": "RelatedNodeInfo"}}, "text": "\ud83c\udfaf Persona 1 : Le D\u00e9couvreur\n\nDescription :\nLe D\u00e9couvreur est un utilisateur curieux, souvent nouveau sur le site. Il explore diff\u00e9rentes cat\u00e9gories sans intention d'achat imm\u00e9diate. Ce persona est sensible \u00e0 la d\u00e9couverte de nouveaux produits, aux contenus inspirants, et aux recommandations personnalis\u00e9es bas\u00e9es sur ses int\u00e9r\u00eats.\n\nCaract\u00e9ristiques Comportementales :\n\nTemps pass\u00e9 sur le site relativement long.\n\nVisite de plusieurs cat\u00e9gories de produits.\n\nFaible taux d'ajout au panier.\n\nPeu d'engagement imm\u00e9diat avec les offres promotionnelles.\n\nObjectifs du Persona :\n\nD\u00e9couvrir des marques et des produits innovants.\n\nS'informer avant de prendre une d\u00e9cision d'achat.\n\nActions/Recommandations Techniques :\n\nUtiliser un syst\u00e8me de recommandation bas\u00e9 sur le contenu (Content-Based Filtering) pour proposer des produits similaires aux pages consult\u00e9es.\n\nD\u00e9ployer des suggestions dynamiques comme \"Produits qui pourraient vous plaire\" ou \"Les clients ayant vu cet article ont \u00e9galement aim\u00e9\".\n\nMettre en place un pop-up d'inscription \u00e0 la newsletter avec une offre pour inciter \u00e0 l\u2019engagement.\n\nImpl\u00e9menter des emails de retargeting pour inciter l'utilisateur \u00e0 revenir.\n\nAjouter une fonctionnalit\u00e9 de sauvegarde des favoris pour encourager l'utilisateur \u00e0 revenir consulter les produits.\n\nTester des configurations de navigation plus claires via des tests A/B pour guider l'utilisateur vers des produits plus cibl\u00e9s.\n\nExemples des \u00e9v\u00e9nements json\u00a0:\n\n\u00ab\u00a0 [\n\n    {\n\n        \"_id\": {\"$oid\": \"6767a1b86937b467b10d4f21\"},\n\n        \"type\": \"navigation\",\n\n        \"page\": \"/categories/tech\",\n\n        \"user\": \"Utilisateur1\",\n\n        \"timestamp\": {\"$date\": {\"$numberLong\": \"1734810000000\"}}\n\n    },\n\n    {\n\n        \"_id\": {\"$oid\": \"6767a1c96937b467b10d4f22\"},\n\n        \"type\": \"navigation\",\n\n        \"page\": \"/categories/livres\",\n\n        \"user\": \"Utilisateur1\",\n\n        \"timestamp\": {\"$date\": {\"$numberLong\": \"1734810500000\"}}\n\n    },\n\n    {\n\n        \"_id\": {\"$oid\": \"6767a1e16937b467b10d4f23\"},\n\n        \"type\": \"time_spent\",\n\n        \"page\": \"/categories/tech\",\n\n        \"user\": \"Utilisateur1\",\n\n        \"time_spent\": {\"$numberInt\": \"300\"},\n\n        \"timestamp\": {\"$date\": {\"$numberLong\": \"1734810800000\"}}\n\n    },\n\n    {\n\n        \"_id\": {\"$oid\": \"6767a1f36937b467b10d4f24\"},\n\n        \"type\": \"interaction\",\n\n        \"interaction\": \"Recherche\",\n\n        \"search_query\": \"gadgets innovants\",\n\n        \"user\": \"Utilisateur1\",\n\n        \"timestamp\": {\"$date\": {\"$numberLong\": \"1734811000000\"}}\n\n    },\n\n    {\n\n        \"_id\": {\"$oid\": \"6767a2046937b467b10d4f25\"},\n\n        \"type\": \"interaction\",\n\n        \"interaction\": \"Ajout aux favoris\",\n\n        \"page\": \"/categories/livres/produit456\",\n\n        \"user\": \"Utilisateur1\",\n\n        \"timestamp\": {\"$date\": {\"$numberLong\": \"1734811200000\"}}\n\n    }\n\n],\n\n[\n\n    {\n\n        \"_id\": {\"$oid\": \"6768a1b86937b467b10d4f21\"},\n\n        \"type\": \"navigation\",\n\n        \"page\": \"/categories/mode\",\n\n        \"user\": \"Utilisateur1\",\n\n        \"timestamp\": {\"$date\": {\"$numberLong\": \"1734820000000\"}}\n\n    },\n\n    {\n\n        \"_id\": {\"$oid\": \"6768a1c96937b467b10d4f22\"},\n\n        \"type\": \"navigation\",\n\n        \"page\": \"/categories/accessoires\",\n\n        \"user\": \"Utilisateur1\",\n\n        \"timestamp\": {\"$date\": {\"$numberLong\": \"1734820500000\"}}\n\n    },\n\n    {\n\n        \"_id\": {\"$oid\": \"6768a1e16937b467b10d4f23\"},\n\n        \"type\": \"interaction\",", "mimetype": "text/plain", "start_char_idx": 0, "end_char_idx": 3371, "text_template": "{metadata_str}\n\n{content}", "metadata_template": "{key}: {value}", "metadata_seperator": "\n", "class_name": "TextNode"}, "__type__": "1"}, "7587d94a-9fef-4eae-b606-b87a3d275a38": {"__data__": {"id_": "7587d94a-9fef-4eae-b606-b87a3d275a38", "embedding": null, "metadata": {"file_name": "description_personna.docx", "file_path": "C:\\Users\\HP\\Documents\\projet_option\\v2\\data_persona\\description_personna.docx", "file_type": "application/vnd.openxmlformats-officedocument.wordprocessingml.document", "file_size": 33930, "creation_date": "2025-02-05", "last_modified_date": "2025-01-07"}, "excluded_embed_metadata_keys": ["file_name", "file_type", "file_size", "creation_date", "last_modified_date", "last_accessed_date"], "excluded_llm_metadata_keys": ["file_name", "file_type", "file_size", "creation_date", "last_modified_date", "last_accessed_date"], "relationships": {"1": {"node_id": "2f98f707-1bc2-4630-b1fc-4694cf9022f0", "node_type": "4", "metadata": {"file_name": "description_personna.docx", "file_path": "C:\\Users\\HP\\Documents\\projet_option\\v2\\data_persona\\description_personna.docx", "file_type": "application/vnd.openxmlformats-officedocument.wordprocessingml.document", "file_size": 33930, "creation_date": "2025-02-05", "last_modified_date": "2025-01-07"}, "hash": "39cf2f79a621ece500a47b48a2f459ca12d0686aaea1e73bca9a2a92b3d6a716", "class_name": "RelatedNodeInfo"}, "2": {"node_id": "e07bb6d2-d3c1-4902-a82c-b245fb4006e6", "node_type": "1", "metadata": {"file_name": "description_personna.docx", "file_path": "C:\\Users\\HP\\Documents\\projet_option\\v2\\data_persona\\description_personna.docx", "file_type": "application/vnd.openxmlformats-officedocument.wordprocessingml.document", "file_size": 33930, "creation_date": "2025-02-05", "last_modified_date": "2025-01-07"}, "hash": "aefbaa7898102299e543f2dfb69f2737a70e806a67f3c7bb7c438ced531b70b6", "class_name": "RelatedNodeInfo"}, "3": {"node_id": "5f26b506-f4af-4c9a-bec4-63065efbcf4c", "node_type": "1", "metadata": {}, "hash": "5964fb1ea6f1a723c6287d4fd0f702c16d237aba26bdc737ff4a04c2b1d220fb", "class_name": "RelatedNodeInfo"}}, "text": "[\n\n    {\n\n        \"_id\": {\"$oid\": \"6768a1b86937b467b10d4f21\"},\n\n        \"type\": \"navigation\",\n\n        \"page\": \"/categories/mode\",\n\n        \"user\": \"Utilisateur1\",\n\n        \"timestamp\": {\"$date\": {\"$numberLong\": \"1734820000000\"}}\n\n    },\n\n    {\n\n        \"_id\": {\"$oid\": \"6768a1c96937b467b10d4f22\"},\n\n        \"type\": \"navigation\",\n\n        \"page\": \"/categories/accessoires\",\n\n        \"user\": \"Utilisateur1\",\n\n        \"timestamp\": {\"$date\": {\"$numberLong\": \"1734820500000\"}}\n\n    },\n\n    {\n\n        \"_id\": {\"$oid\": \"6768a1e16937b467b10d4f23\"},\n\n        \"type\": \"interaction\",\n\n        \"interaction\": \"Ajout aux favoris\",\n\n        \"page\": \"/categories/mode/produit123\",\n\n        \"user\": \"Utilisateur1\",\n\n        \"timestamp\": {\"$date\": {\"$numberLong\": \"1734821000000\"}}\n\n    },\n\n    {\n\n        \"_id\": {\"$oid\": \"6768a1f36937b467b10d4f24\"},\n\n        \"type\": \"time_spent\",\n\n        \"page\": \"/categories/accessoires\",\n\n        \"user\": \"Utilisateur1\",\n\n        \"time_spent\": {\"$numberInt\": \"300\"},\n\n        \"timestamp\": {\"$date\": {\"$numberLong\": \"1734821500000\"}}\n\n    },\n\n    {\n\n        \"_id\": {\"$oid\": \"6768a2046937b467b10d4f25\"},\n\n        \"type\": \"interaction\",\n\n        \"interaction\": \"Inscription newsletter\",\n\n        \"page\": \"/newsletter\",\n\n        \"user\": \"Utilisateur1\",\n\n        \"timestamp\": {\"$date\": {\"$numberLong\": \"1734822000000\"}}\n\n    }\n\n],\n\n[\n\n    {\n\n        \"_id\": {\"$oid\": \"6769a1b86937b467b10d4f21\"},\n\n        \"type\": \"navigation\",\n\n        \"page\": \"/categories/tech\",\n\n        \"user\": \"Utilisateur2\",\n\n        \"timestamp\": {\"$date\": {\"$numberLong\": \"1734823000000\"}}\n\n    },\n\n    {\n\n        \"_id\": {\"$oid\": \"6769a1c96937b467b10d4f22\"},\n\n        \"type\": \"interaction\",\n\n        \"interaction\": \"Recherche\",\n\n        \"search_query\": \"\u00e9couteurs sans fil\",\n\n        \"user\": \"Utilisateur2\",\n\n        \"timestamp\": {\"$date\": {\"$numberLong\": \"1734823500000\"}}\n\n    },\n\n    {\n\n        \"_id\": {\"$oid\": \"6769a1e16937b467b10d4f23\"},\n\n        \"type\": \"time_spent\",\n\n        \"page\": \"/categories/tech\",\n\n        \"user\": \"Utilisateur2\",\n\n        \"time_spent\": {\"$numberInt\": \"250\"},\n\n        \"timestamp\": {\"$date\": {\"$numberLong\": \"1734824000000\"}}\n\n    },\n\n    {\n\n        \"_id\": {\"$oid\": \"6769a1f36937b467b10d4f24\"},\n\n        \"type\": \"interaction\",\n\n        \"interaction\": \"Ajout aux favoris\",\n\n        \"page\": \"/categories/tech/produit789\",\n\n        \"user\": \"Utilisateur2\",\n\n        \"timestamp\": {\"$date\": {\"$numberLong\": \"1734824500000\"}}\n\n    },\n\n    {\n\n        \"_id\": {\"$oid\": \"6769a2046937b467b10d4f25\"},\n\n        \"type\": \"navigation\",\n\n        \"page\": \"/categories/maison\",\n\n        \"user\": \"Utilisateur2\",\n\n        \"timestamp\": {\"$date\": {\"$numberLong\": \"1734825000000\"}}\n\n    }\n\n],\n\n[\n\n    {\n\n        \"_id\": {\"$oid\": \"676ab1b86937b467b10d4f21\"},\n\n        \"type\": \"navigation\",\n\n        \"page\": \"/categories/livres\",\n\n        \"user\": \"Utilisateur3\",\n\n        \"timestamp\": {\"$date\": {\"$numberLong\": \"1734830000000\"}}\n\n    },", "mimetype": "text/plain", "start_char_idx": 2798, "end_char_idx": 5725, "text_template": "{metadata_str}\n\n{content}", "metadata_template": "{key}: {value}", "metadata_seperator": "\n", "class_name": "TextNode"}, "__type__": "1"}, "5f26b506-f4af-4c9a-bec4-63065efbcf4c": {"__data__": {"id_": "5f26b506-f4af-4c9a-bec4-63065efbcf4c", "embedding": null, "metadata": {"file_name": "description_personna.docx", "file_path": "C:\\Users\\HP\\Documents\\projet_option\\v2\\data_persona\\description_personna.docx", "file_type": "application/vnd.openxmlformats-officedocument.wordprocessingml.document", "file_size": 33930, "creation_date": "2025-02-05", "last_modified_date": "2025-01-07"}, "excluded_embed_metadata_keys": ["file_name", "file_type", "file_size", "creation_date", "last_modified_date", "last_accessed_date"], "excluded_llm_metadata_keys": ["file_name", "file_type", "file_size", "creation_date", "last_modified_date", "last_accessed_date"], "relationships": {"1": {"node_id": "2f98f707-1bc2-4630-b1fc-4694cf9022f0", "node_type": "4", "metadata": {"file_name": "description_personna.docx", "file_path": "C:\\Users\\HP\\Documents\\projet_option\\v2\\data_persona\\description_personna.docx", "file_type": "application/vnd.openxmlformats-officedocument.wordprocessingml.document", "file_size": 33930, "creation_date": "2025-02-05", "last_modified_date": "2025-01-07"}, "hash": "39cf2f79a621ece500a47b48a2f459ca12d0686aaea1e73bca9a2a92b3d6a716", "class_name": "RelatedNodeInfo"}, "2": {"node_id": "7587d94a-9fef-4eae-b606-b87a3d275a38", "node_type": "1", "metadata": {"file_name": "description_personna.docx", "file_path": "C:\\Users\\HP\\Documents\\projet_option\\v2\\data_persona\\description_personna.docx", "file_type": "application/vnd.openxmlformats-officedocument.wordprocessingml.document", "file_size": 33930, "creation_date": "2025-02-05", "last_modified_date": "2025-01-07"}, "hash": "31b7ce2e9bf4f7cd0e5830d02ea4fa39bf3870751e298d2c2ec12e36bcb4815b", "class_name": "RelatedNodeInfo"}, "3": {"node_id": "3a924d85-5c94-4597-b297-5e618bfcadcf", "node_type": "1", "metadata": {}, "hash": "b972afb123d1bda8dad23a7fd37740e5d93170476313ceb352cd87aec7a30b87", "class_name": "RelatedNodeInfo"}}, "text": "\"user\": \"Utilisateur2\",\n\n        \"timestamp\": {\"$date\": {\"$numberLong\": \"1734824500000\"}}\n\n    },\n\n    {\n\n        \"_id\": {\"$oid\": \"6769a2046937b467b10d4f25\"},\n\n        \"type\": \"navigation\",\n\n        \"page\": \"/categories/maison\",\n\n        \"user\": \"Utilisateur2\",\n\n        \"timestamp\": {\"$date\": {\"$numberLong\": \"1734825000000\"}}\n\n    }\n\n],\n\n[\n\n    {\n\n        \"_id\": {\"$oid\": \"676ab1b86937b467b10d4f21\"},\n\n        \"type\": \"navigation\",\n\n        \"page\": \"/categories/livres\",\n\n        \"user\": \"Utilisateur3\",\n\n        \"timestamp\": {\"$date\": {\"$numberLong\": \"1734830000000\"}}\n\n    },\n\n    {\n\n        \"_id\": {\"$oid\": \"676ab1c96937b467b10d4f22\"},\n\n        \"type\": \"interaction\",\n\n        \"interaction\": \"Lecture d'extrait\",\n\n        \"page\": \"/categories/livres/produit101\",\n\n        \"user\": \"Utilisateur3\",\n\n        \"timestamp\": {\"$date\": {\"$numberLong\": \"1734830500000\"}}\n\n    },\n\n    {\n\n        \"_id\": {\"$oid\": \"676ab1e16937b467b10d4f23\"},\n\n        \"type\": \"interaction\",\n\n        \"interaction\": \"Ajout aux favoris\",\n\n        \"page\": \"/categories/livres/produit102\",\n\n        \"user\": \"Utilisateur3\",\n\n        \"timestamp\": {\"$date\": {\"$numberLong\": \"1734831000000\"}}\n\n    },\n\n    {\n\n        \"_id\": {\"$oid\": \"676ab1f36937b467b10d4f24\"},\n\n        \"type\": \"time_spent\",\n\n        \"page\": \"/categories/livres\",\n\n        \"user\": \"Utilisateur3\",\n\n        \"time_spent\": {\"$numberInt\": \"600\"},\n\n        \"timestamp\": {\"$date\": {\"$numberLong\": \"1734831500000\"}}\n\n    },\n\n    {\n\n        \"_id\": {\"$oid\": \"676ab2046937b467b10d4f25\"},\n\n        \"type\": \"interaction\",\n\n        \"interaction\": \"Partage sur r\u00e9seaux sociaux\",\n\n        \"page\": \"/categories/livres/produit103\",\n\n        \"user\": \"Utilisateur3\",\n\n        \"timestamp\": {\"$date\": {\"$numberLong\": \"1734832000000\"}}\n\n    }\n\n],\n\n[\n\n    {\n\n        \"_id\": {\"$oid\": \"676ba1b86937b467b10d4f21\"},\n\n        \"type\": \"navigation\",\n\n        \"page\": \"/categories/maison\",\n\n        \"user\": \"Utilisateur4\",\n\n        \"timestamp\": {\"$date\": {\"$numberLong\": \"1734836000000\"}}\n\n    },\n\n    {\n\n        \"_id\": {\"$oid\": \"676ba1c96937b467b10d4f22\"},\n\n        \"type\": \"interaction\",\n\n        \"interaction\": \"Filtrage par prix\",\n\n        \"page\": \"/categories/maison\",\n\n        \"user\": \"Utilisateur4\",\n\n        \"timestamp\": {\"$date\": {\"$numberLong\": \"1734836500000\"}}\n\n    },\n\n    {\n\n        \"_id\": {\"$oid\": \"676ba1e16937b467b10d4f23\"},\n\n        \"type\": \"time_spent\",\n\n        \"page\": \"/categories/maison\",\n\n        \"user\": \"Utilisateur4\",\n\n        \"time_spent\": {\"$numberInt\": \"450\"},\n\n        \"timestamp\": {\"$date\": {\"$numberLong\": \"1734837000000\"}}\n\n    },\n\n    {\n\n        \"_id\": {\"$oid\": \"676ba1f36937b467b10d4f24\"},\n\n        \"type\": \"interaction\",\n\n        \"interaction\": \"Ajout aux favoris\",\n\n        \"page\": \"/categories/maison/produit234\",\n\n        \"user\": \"Utilisateur4\",\n\n        \"timestamp\": {\"$date\": {\"$numberLong\": \"1734837500000\"}}\n\n    },\n\n    {,\n\n        \"_id\": {\"$oid\": \"676ba2046937b467b10d4f25\"},\n\n        \"type\": \"interaction\",\n\n        \"interaction\": \"Visualisation des avis\",", "mimetype": "text/plain", "start_char_idx": null, "end_char_idx": null, "text_template": "{metadata_str}\n\n{content}", "metadata_template": "{key}: {value}", "metadata_seperator": "\n", "class_name": "TextNode"}, "__type__": "1"}, "3a924d85-5c94-4597-b297-5e618bfcadcf": {"__data__": {"id_": "3a924d85-5c94-4597-b297-5e618bfcadcf", "embedding": null, "metadata": {"file_name": "description_personna.docx", "file_path": "C:\\Users\\HP\\Documents\\projet_option\\v2\\data_persona\\description_personna.docx", "file_type": "application/vnd.openxmlformats-officedocument.wordprocessingml.document", "file_size": 33930, "creation_date": "2025-02-05", "last_modified_date": "2025-01-07"}, "excluded_embed_metadata_keys": ["file_name", "file_type", "file_size", "creation_date", "last_modified_date", "last_accessed_date"], "excluded_llm_metadata_keys": ["file_name", "file_type", "file_size", "creation_date", "last_modified_date", "last_accessed_date"], "relationships": {"1": {"node_id": "2f98f707-1bc2-4630-b1fc-4694cf9022f0", "node_type": "4", "metadata": {"file_name": "description_personna.docx", "file_path": "C:\\Users\\HP\\Documents\\projet_option\\v2\\data_persona\\description_personna.docx", "file_type": "application/vnd.openxmlformats-officedocument.wordprocessingml.document", "file_size": 33930, "creation_date": "2025-02-05", "last_modified_date": "2025-01-07"}, "hash": "39cf2f79a621ece500a47b48a2f459ca12d0686aaea1e73bca9a2a92b3d6a716", "class_name": "RelatedNodeInfo"}, "2": {"node_id": "5f26b506-f4af-4c9a-bec4-63065efbcf4c", "node_type": "1", "metadata": {"file_name": "description_personna.docx", "file_path": "C:\\Users\\HP\\Documents\\projet_option\\v2\\data_persona\\description_personna.docx", "file_type": "application/vnd.openxmlformats-officedocument.wordprocessingml.document", "file_size": 33930, "creation_date": "2025-02-05", "last_modified_date": "2025-01-07"}, "hash": "bdff961aa0860260db55750b7942a400cb6975e7026d37154b4971dd08541ba9", "class_name": "RelatedNodeInfo"}, "3": {"node_id": "a0025154-ebc6-4ea3-a1b5-835673b10429", "node_type": "1", "metadata": {}, "hash": "84e4f1449fb76eda5ad7813b707e39f5334cb9a9200362fb251cf84b088daac9", "class_name": "RelatedNodeInfo"}}, "text": "\"user\": \"Utilisateur4\",\n\n        \"time_spent\": {\"$numberInt\": \"450\"},\n\n        \"timestamp\": {\"$date\": {\"$numberLong\": \"1734837000000\"}}\n\n    },\n\n    {\n\n        \"_id\": {\"$oid\": \"676ba1f36937b467b10d4f24\"},\n\n        \"type\": \"interaction\",\n\n        \"interaction\": \"Ajout aux favoris\",\n\n        \"page\": \"/categories/maison/produit234\",\n\n        \"user\": \"Utilisateur4\",\n\n        \"timestamp\": {\"$date\": {\"$numberLong\": \"1734837500000\"}}\n\n    },\n\n    {,\n\n        \"_id\": {\"$oid\": \"676ba2046937b467b10d4f25\"},\n\n        \"type\": \"interaction\",\n\n        \"interaction\": \"Visualisation des avis\",\n\n        \"page\": \"/categories/maison/produit234\",\n\n        \"user\": \"Utilisateur4\",\n\n        \"timestamp\": {\"$date\": {\"$numberLong\": \"1734838000000\"}}\n\n    }\n\n]\u00bb\n\n\n\n\ud83d\ude80 Persona 2 : Le Pr\u00e9cipit\u00e9\n\nDescription :\nLe Pr\u00e9cipit\u00e9 est un utilisateur press\u00e9, souvent impulsif dans ses achats. Ce persona est pr\u00eat \u00e0 acheter rapidement mais peut \u00eatre frein\u00e9 par des obstacles dans le processus d'achat. Il cherche des exp\u00e9riences d'achat fluides et efficaces.\n\nCaract\u00e9ristiques Comportementales :\n\nTemps pass\u00e9 sur le site relativement court.\n\nAjout rapide de produits au panier.\n\nTaux d'abandon de panier \u00e9lev\u00e9.\n\nPr\u00e9f\u00e9rence pour des interactions simples et rapides.\n\nObjectifs du Persona :\n\nFinaliser ses achats rapidement et sans complications.\n\nRechercher des solutions de paiement pratiques et s\u00e9curis\u00e9es.\n\nActions/Recommandations Techniques :\n\nR\u00e9duire le nombre d'\u00e9tapes pour finaliser l'achat.\n\nInt\u00e9grer des options de paiement rapide (ex. Apple Pay, PayPal).\n\nD\u00e9ployer des messages de raret\u00e9 ou d'urgence comme \"Seulement 2 articles restants en stock\".\n\nProposer des packs ou bundles pour augmenter la valeur moyenne du panier.\n\nImpl\u00e9menter un syst\u00e8me de recommandations apr\u00e8s achat pour inciter \u00e0 un futur achat (ex. \"Vous pourriez \u00e9galement aimer\").\n\nUtiliser des notifications de prix dynamique pour renforcer l'achat impulsif (ex. \"Vous avez \u00e9conomis\u00e9 20% aujourd'hui !\").\n\n\u00ab\u00a0\n\n[\"_id\": {\"$oid\": \"64fd123acde00001\"},\n\n        \"user_id\": \"utilisateur_precipite_001\",\n\n        \"event\": \"page_view\",\n\n        \"page\": \"/produit/chaussures-sport\",\n\n        \"timestamp\": {\"$date\": \"2025-01-07T08:15:30Z\"}\n\n    },\n\n    {\n\n        \"_id\": {\"$oid\": \"64fd123acde00002\"},\n\n        \"user_id\": \"utilisateur_precipite_001\",\n\n        \"event\": \"add_to_cart\",\n\n        \"product_id\": \"chaussures-sport-001\",\n\n        \"timestamp\": {\"$date\": \"2025-01-07T08:16:45Z\"}\n\n    },\n\n    {\n\n        \"_id\": {\"$oid\": \"64fd123acde00003\"},\n\n        \"user_id\": \"utilisateur_precipite_001\",\n\n        \"event\": \"checkout\",\n\n        \"products\": [\n\n            {\n\n                \"product_id\": \"chaussures-sport-001\",\n\n                \"quantity\": 1\n\n            }\n\n        ],\n\n        \"timestamp\": {\"$date\": \"2025-01-07T08:18:10Z\"}\n\n    },\n\n    {\n\n        \"_id\": {\"$oid\": \"64fd123acde00004\"},\n\n        \"user_id\": \"utilisateur_precipite_001\",\n\n        \"event\": \"page_view\",\n\n        \"page\": \"/produit/sac-a-dos\",\n\n        \"timestamp\": {\"$date\": \"2025-01-07T08:20:30Z\"}\n\n    },\n\n    {\n\n        \"_id\": {\"$oid\": \"64fd123acde00005\"},\n\n        \"user_id\": \"utilisateur_precipite_001\",\n\n        \"event\": \"add_to_cart\",\n\n        \"product_id\": \"sac-a-dos-002\",\n\n        \"timestamp\": {\"$date\": \"2025-01-07T08:21:10Z\"}\n\n    },", "mimetype": "text/plain", "start_char_idx": null, "end_char_idx": null, "text_template": "{metadata_str}\n\n{content}", "metadata_template": "{key}: {value}", "metadata_seperator": "\n", "class_name": "TextNode"}, "__type__": "1"}, "a0025154-ebc6-4ea3-a1b5-835673b10429": {"__data__": {"id_": "a0025154-ebc6-4ea3-a1b5-835673b10429", "embedding": null, "metadata": {"file_name": "description_personna.docx", "file_path": "C:\\Users\\HP\\Documents\\projet_option\\v2\\data_persona\\description_personna.docx", "file_type": "application/vnd.openxmlformats-officedocument.wordprocessingml.document", "file_size": 33930, "creation_date": "2025-02-05", "last_modified_date": "2025-01-07"}, "excluded_embed_metadata_keys": ["file_name", "file_type", "file_size", "creation_date", "last_modified_date", "last_accessed_date"], "excluded_llm_metadata_keys": ["file_name", "file_type", "file_size", "creation_date", "last_modified_date", "last_accessed_date"], "relationships": {"1": {"node_id": "2f98f707-1bc2-4630-b1fc-4694cf9022f0", "node_type": "4", "metadata": {"file_name": "description_personna.docx", "file_path": "C:\\Users\\HP\\Documents\\projet_option\\v2\\data_persona\\description_personna.docx", "file_type": "application/vnd.openxmlformats-officedocument.wordprocessingml.document", "file_size": 33930, "creation_date": "2025-02-05", "last_modified_date": "2025-01-07"}, "hash": "39cf2f79a621ece500a47b48a2f459ca12d0686aaea1e73bca9a2a92b3d6a716", "class_name": "RelatedNodeInfo"}, "2": {"node_id": "3a924d85-5c94-4597-b297-5e618bfcadcf", "node_type": "1", "metadata": {"file_name": "description_personna.docx", "file_path": "C:\\Users\\HP\\Documents\\projet_option\\v2\\data_persona\\description_personna.docx", "file_type": "application/vnd.openxmlformats-officedocument.wordprocessingml.document", "file_size": 33930, "creation_date": "2025-02-05", "last_modified_date": "2025-01-07"}, "hash": "ebae652cb46233b742842351779bf12c3924d2b16466ba03b7bffbde9ffac6c6", "class_name": "RelatedNodeInfo"}, "3": {"node_id": "4fc786ce-bb6d-4d13-97f4-215010c42c79", "node_type": "1", "metadata": {}, "hash": "b20ff2bb7247fc7b0aa08a83bf9c564461c115eb904719787823f0f9e4cd3f04", "class_name": "RelatedNodeInfo"}}, "text": "\"timestamp\": {\"$date\": \"2025-01-07T08:18:10Z\"}\n\n    },\n\n    {\n\n        \"_id\": {\"$oid\": \"64fd123acde00004\"},\n\n        \"user_id\": \"utilisateur_precipite_001\",\n\n        \"event\": \"page_view\",\n\n        \"page\": \"/produit/sac-a-dos\",\n\n        \"timestamp\": {\"$date\": \"2025-01-07T08:20:30Z\"}\n\n    },\n\n    {\n\n        \"_id\": {\"$oid\": \"64fd123acde00005\"},\n\n        \"user_id\": \"utilisateur_precipite_001\",\n\n        \"event\": \"add_to_cart\",\n\n        \"product_id\": \"sac-a-dos-002\",\n\n        \"timestamp\": {\"$date\": \"2025-01-07T08:21:10Z\"}\n\n    },\n\n    {\n\n        \"_id\": {\"$oid\": \"64fd123acde00006\"},\n\n        \"user_id\": \"utilisateur_precipite_001\",\n\n        \"event\": \"remove_from_cart\",\n\n        \"product_id\": \"sac-a-dos-002\",\n\n        \"timestamp\": {\"$date\": \"2025-01-07T08:22:00Z\"}\n\n    }\n\n],\n\n[\n\n    [\n\n        {\n\n            \"_id\": {\"$oid\": \"677c56fc9d2a8c3da0336d6a\"},\n\n            \"user_id\": \"utilisateur_precipite_001\",\n\n            \"event\": \"interaction\",\n\n            \"interaction_type\": \"Learn More\",\n\n            \"page\": \"/\",\n\n            \"timestamp\": {\"$date\": \"2025-01-06T23:19:40.124Z\"}\n\n        },\n\n        {\n\n            \"_id\": {\"$oid\": \"677c56fc9d2a8c3da0336d6b\"},\n\n            \"user_id\": \"utilisateur_precipite_001\",\n\n            \"event\": \"interaction\",\n\n            \"interaction_type\": \"Learn More\",\n\n            \"page\": \"/\",\n\n            \"timestamp\": {\"$date\": \"2025-01-06T23:19:40.283Z\"}\n\n        }\n\n    ],\n\n    [\n\n        {\n\n            \"_id\": {\"$oid\": \"677c56fc9d2a8c3da0336d6c\"},\n\n            \"user_id\": \"utilisateur_precipite_002\",\n\n            \"event\": \"interaction\",\n\n            \"interaction_type\": \"Learn More\",\n\n            \"page\": \"/\",\n\n            \"timestamp\": {\"$date\": \"2025-01-06T23:19:40.426Z\"}\n\n        },\n\n        {\n\n            \"_id\": {\"$oid\": \"677c56fc9d2a8c3da0336d6d\"},\n\n            \"user_id\": \"utilisateur_precipite_002\",\n\n            \"event\": \"interaction\",\n\n            \"interaction_type\": \"Learn More\",\n\n            \"page\": \"/\",\n\n            \"timestamp\": {\"$date\": \"2025-01-06T23:19:40.568Z\"}\n\n        }\n\n    ],\n\n    [\n\n        {\n\n            \"_id\": {\"$oid\": \"677c56fc9d2a8c3da0336d6e\"},\n\n            \"user_id\": \"utilisateur_precipite_003\",\n\n            \"event\": \"interaction\",\n\n            \"interaction_type\": \"Learn More\",\n\n            \"page\": \"/\",\n\n            \"timestamp\": {\"$date\": \"2025-01-06T23:19:40.783Z\"}\n\n        },\n\n        {\n\n            \"_id\": {\"$oid\": \"677c5d2aa2f0568188eeb979\"},\n\n            \"user_id\": \"utilisateur_precipite_003\",\n\n            \"event\": \"interaction\",\n\n            \"interaction_type\": \"link_click\",\n\n            \"href\": \"http://127.0.0.1:5000/catalog\",\n\n            \"text\": \"Shop collection\",\n\n            \"class\": \"btn btn-light btn-lg animate_animated animatepulse animate_infinit\u2026\",\n\n            \"page\": \"/\",\n\n            \"timestamp\": {\"$date\": \"2025-01-06T23:46:02.766Z\"}\n\n        }\n\n    ],\n\n    [\n\n        {\n\n            \"_id\": {\"$oid\": \"677c56fc9d2a8c3da0336d6f\"},\n\n            \"user_id\": \"utilisateur_precipite_004\",\n\n            \"event\": \"interaction\",\n\n            \"interaction_type\": \"Learn More\",\n\n            \"page\": \"/\",", "mimetype": "text/plain", "start_char_idx": 10295, "end_char_idx": 13390, "text_template": "{metadata_str}\n\n{content}", "metadata_template": "{key}: {value}", "metadata_seperator": "\n", "class_name": "TextNode"}, "__type__": "1"}, "4fc786ce-bb6d-4d13-97f4-215010c42c79": {"__data__": {"id_": "4fc786ce-bb6d-4d13-97f4-215010c42c79", "embedding": null, "metadata": {"file_name": "description_personna.docx", "file_path": "C:\\Users\\HP\\Documents\\projet_option\\v2\\data_persona\\description_personna.docx", "file_type": "application/vnd.openxmlformats-officedocument.wordprocessingml.document", "file_size": 33930, "creation_date": "2025-02-05", "last_modified_date": "2025-01-07"}, "excluded_embed_metadata_keys": ["file_name", "file_type", "file_size", "creation_date", "last_modified_date", "last_accessed_date"], "excluded_llm_metadata_keys": ["file_name", "file_type", "file_size", "creation_date", "last_modified_date", "last_accessed_date"], "relationships": {"1": {"node_id": "2f98f707-1bc2-4630-b1fc-4694cf9022f0", "node_type": "4", "metadata": {"file_name": "description_personna.docx", "file_path": "C:\\Users\\HP\\Documents\\projet_option\\v2\\data_persona\\description_personna.docx", "file_type": "application/vnd.openxmlformats-officedocument.wordprocessingml.document", "file_size": 33930, "creation_date": "2025-02-05", "last_modified_date": "2025-01-07"}, "hash": "39cf2f79a621ece500a47b48a2f459ca12d0686aaea1e73bca9a2a92b3d6a716", "class_name": "RelatedNodeInfo"}, "2": {"node_id": "a0025154-ebc6-4ea3-a1b5-835673b10429", "node_type": "1", "metadata": {"file_name": "description_personna.docx", "file_path": "C:\\Users\\HP\\Documents\\projet_option\\v2\\data_persona\\description_personna.docx", "file_type": "application/vnd.openxmlformats-officedocument.wordprocessingml.document", "file_size": 33930, "creation_date": "2025-02-05", "last_modified_date": "2025-01-07"}, "hash": "b704be33f985abba42f5795afeb571da143b7b29ede2bbb7943f7c8a85f11f6b", "class_name": "RelatedNodeInfo"}, "3": {"node_id": "cca87b11-bec6-46f4-9bd0-464e4ac60ac5", "node_type": "1", "metadata": {}, "hash": "4f5cdd32af6710ff8c6568c1a2101deb56b7f0e9cc6643f7b00724b319b42847", "class_name": "RelatedNodeInfo"}}, "text": "\"user_id\": \"utilisateur_precipite_003\",\n\n            \"event\": \"interaction\",\n\n            \"interaction_type\": \"link_click\",\n\n            \"href\": \"http://127.0.0.1:5000/catalog\",\n\n            \"text\": \"Shop collection\",\n\n            \"class\": \"btn btn-light btn-lg animate_animated animatepulse animate_infinit\u2026\",\n\n            \"page\": \"/\",\n\n            \"timestamp\": {\"$date\": \"2025-01-06T23:46:02.766Z\"}\n\n        }\n\n    ],\n\n    [\n\n        {\n\n            \"_id\": {\"$oid\": \"677c56fc9d2a8c3da0336d6f\"},\n\n            \"user_id\": \"utilisateur_precipite_004\",\n\n            \"event\": \"interaction\",\n\n            \"interaction_type\": \"Learn More\",\n\n            \"page\": \"/\",\n\n            \"timestamp\": {\"$date\": \"2025-01-06T23:19:41.000Z\"}\n\n        },\n\n        {\n\n            \"_id\": {\"$oid\": \"677c56fc9d2a8c3da0336d70\"},\n\n            \"user_id\": \"utilisateur_precipite_004\",\n\n            \"event\": \"interaction\",\n\n            \"interaction_type\": \"Learn More\",\n\n            \"page\": \"/\",\n\n            \"timestamp\": {\"$date\": \"2025-01-06T23:19:41.150Z\"}\n\n        }\n\n    ],\n\n    [\n\n        {\n\n            \"_id\": {\"$oid\": \"677c56fc9d2a8c3da0336d71\"},\n\n            \"user_id\": \"utilisateur_precipite_005\",\n\n            \"event\": \"interaction\",\n\n            \"interaction_type\": \"Learn More\",\n\n            \"page\": \"/\",\n\n            \"timestamp\": {\"$date\": \"2025-01-06T23:19:41.300Z\"}\n\n        },\n\n        {\n\n            \"_id\": {\"$oid\": \"677c56fc9d2a8c3da0336d72\"},\n\n            \"user_id\": \"utilisateur_precipite_005\",\n\n            \"event\": \"interaction\",\n\n            \"interaction_type\": \"Learn More\",\n\n            \"page\": \"/\",\n\n            \"timestamp\": {\"$date\": \"2025-01-06T23:19:41.450Z\"}\n\n        }\n\n    ]\n\n]\u00bb\n\n\n\n\ud83d\udcb0 Persona 3 : Le Chercheur de Bonnes Affaires\n\nDescription :\nLe Chercheur de Bonnes Affaires est un utilisateur attentif aux promotions et aux r\u00e9ductions. Il compare les prix et est motiv\u00e9 par les \u00e9conomies qu\u2019il peut r\u00e9aliser. Ce persona est fid\u00e9lisable \u00e0 condition de lui offrir des avantages r\u00e9guliers et des promotions personnalis\u00e9es.\n\nCaract\u00e9ristiques Comportementales :\n\nForte attention aux promotions et r\u00e9ductions.\n\nConsultation fr\u00e9quente des pages de soldes.\n\nTemps pass\u00e9 \u00e0 comparer les prix sur diff\u00e9rents produits.\n\nAchats motiv\u00e9s par les offres sp\u00e9ciales et les r\u00e9compenses.\n\nObjectifs du Persona :\n\nTrouver les meilleures offres et promotions.\n\nMaximiser ses \u00e9conomies sur ses achats.\n\nActions/Recommandations Techniques :\n\nClustering des utilisateurs pour d\u00e9tecter les produits d\u2019int\u00e9r\u00eat sp\u00e9cifiques \u00e0 ce persona et proposer des promotions personnalis\u00e9es via email.\n\nInt\u00e9grer un programme de fid\u00e9lit\u00e9 (syst\u00e8me de points ou de r\u00e9compenses) pour encourager les achats fr\u00e9quents.\n\nCr\u00e9er une section d\u00e9di\u00e9e aux promotions ou soldes sur la page d'accueil.\n\nAjouter des \u00e9tiquettes comme \"Promo\" ou \"R\u00e9duction\" directement sur les vignettes produits pour les rendre imm\u00e9diatement identifiables.\n\nD\u00e9ployer des notifications de prix dynamique (ex. \"Vous avez \u00e9conomis\u00e9 20% aujourd'hui !\").\n\nProposer des packs group\u00e9s \u00e0 prix r\u00e9duit (ex. \"Achetez 3 produits et \u00e9conomisez 15%\").\n\nProposer une option pour activer les alertes de prix, afin de notifier l'utilisateur lorsque le prix d'un produit baisse.\n\n\u00ab\u00a0\n\nExemple 1 :", "mimetype": "text/plain", "start_char_idx": 12732, "end_char_idx": 15940, "text_template": "{metadata_str}\n\n{content}", "metadata_template": "{key}: {value}", "metadata_seperator": "\n", "class_name": "TextNode"}, "__type__": "1"}, "cca87b11-bec6-46f4-9bd0-464e4ac60ac5": {"__data__": {"id_": "cca87b11-bec6-46f4-9bd0-464e4ac60ac5", "embedding": null, "metadata": {"file_name": "description_personna.docx", "file_path": "C:\\Users\\HP\\Documents\\projet_option\\v2\\data_persona\\description_personna.docx", "file_type": "application/vnd.openxmlformats-officedocument.wordprocessingml.document", "file_size": 33930, "creation_date": "2025-02-05", "last_modified_date": "2025-01-07"}, "excluded_embed_metadata_keys": ["file_name", "file_type", "file_size", "creation_date", "last_modified_date", "last_accessed_date"], "excluded_llm_metadata_keys": ["file_name", "file_type", "file_size", "creation_date", "last_modified_date", "last_accessed_date"], "relationships": {"1": {"node_id": "2f98f707-1bc2-4630-b1fc-4694cf9022f0", "node_type": "4", "metadata": {"file_name": "description_personna.docx", "file_path": "C:\\Users\\HP\\Documents\\projet_option\\v2\\data_persona\\description_personna.docx", "file_type": "application/vnd.openxmlformats-officedocument.wordprocessingml.document", "file_size": 33930, "creation_date": "2025-02-05", "last_modified_date": "2025-01-07"}, "hash": "39cf2f79a621ece500a47b48a2f459ca12d0686aaea1e73bca9a2a92b3d6a716", "class_name": "RelatedNodeInfo"}, "2": {"node_id": "4fc786ce-bb6d-4d13-97f4-215010c42c79", "node_type": "1", "metadata": {"file_name": "description_personna.docx", "file_path": "C:\\Users\\HP\\Documents\\projet_option\\v2\\data_persona\\description_personna.docx", "file_type": "application/vnd.openxmlformats-officedocument.wordprocessingml.document", "file_size": 33930, "creation_date": "2025-02-05", "last_modified_date": "2025-01-07"}, "hash": "b4ad59d834b804ce2bfc6af98412286566abe6386fb4a4aa8d52286d9f341263", "class_name": "RelatedNodeInfo"}, "3": {"node_id": "d0850fc2-6bf4-49ea-8492-3ae885b6124f", "node_type": "1", "metadata": {}, "hash": "ca81e3ffe541756dac6c69789b42263aed2df6dfbec6fa9a9937cc804700747a", "class_name": "RelatedNodeInfo"}}, "text": "{\n\n  \"user_id\": \"123456\",\n\n  \"search_history\": [\n\n    {\n\n      \"timestamp\": \"2025-01-06T10:30:00Z\",\n\n      \"query\": \"promotions \u00e9lectroniques\",\n\n      \"results\": [\n\n        { \"product_id\": \"abc123\", \"product_name\": \"Smartphone XYZ\", \"discount\": 25, \"price\": 299.99 },\n\n        { \"product_id\": \"def456\", \"product_name\": \"Casque Bluetooth\", \"discount\": 15, \"price\": 49.99 }\n\n      ]\n\n    },\n\n    {\n\n      \"timestamp\": \"2025-01-06T12:00:00Z\",\n\n      \"query\": \"r\u00e9ductions v\u00eatements hiver\",\n\n      \"results\": [\n\n        { \"product_id\": \"ghi789\", \"product_name\": \"Manteau en laine\", \"discount\": 30, \"price\": 119.99 },\n\n        { \"product_id\": \"jkl101\", \"product_name\": \"Bottes en cuir\", \"discount\": 20, \"price\": 89.99 }\n\n      ]\n\n    }\n\n  ],\n\n  \"wishlist\": [\n\n    { \"product_id\": \"abc123\", \"product_name\": \"Smartphone XYZ\", \"price\": 299.99 },\n\n    { \"product_id\": \"ghi789\", \"product_name\": \"Manteau en laine\", \"price\": 119.99 }\n\n  ],\n\n  \"cart\": [\n\n    { \"product_id\": \"abc123\", \"product_name\": \"Smartphone XYZ\", \"quantity\": 1, \"price\": 299.99 }\n\n  ],\n\n  \"loyalty_points\": 150,\n\n  \"last_purchase\": {\n\n    \"timestamp\": \"2025-01-05T14:00:00Z\",\n\n    \"product_id\": \"def456\",\n\n    \"product_name\": \"Casque Bluetooth\",\n\n    \"discount\": 15,\n\n    \"price\": 49.99\n\n  },\n\n  \"promo_subscriptions\": [\n\n    { \"store\": \"Store A\", \"subscription_date\": \"2025-01-01T09:00:00Z\", \"active\": true },\n\n    { \"store\": \"Store B\", \"subscription_date\": \"2025-01-02T11:00:00Z\", \"active\": true }\n\n  ],\n\n  \"price_alerts\": [\n\n    { \"product_id\": \"abc123\", \"product_name\": \"Smartphone XYZ\", \"alert_type\": \"price_drop\", \"target_price\": 249.99 }\n\n  ],\n\n  \"notifications\": [\n\n    { \"timestamp\": \"2025-01-06T15:00:00Z\", \"message\": \"Vous avez \u00e9conomis\u00e9 20% aujourd'hui sur vos achats !\" }\n\n  ]\n\n}\n\n\n\n<!-- Exemple 1 -->\n\n\n\n\n\nExemple 2 :", "mimetype": "text/plain", "start_char_idx": 15944, "end_char_idx": 17734, "text_template": "{metadata_str}\n\n{content}", "metadata_template": "{key}: {value}", "metadata_seperator": "\n", "class_name": "TextNode"}, "__type__": "1"}, "d0850fc2-6bf4-49ea-8492-3ae885b6124f": {"__data__": {"id_": "d0850fc2-6bf4-49ea-8492-3ae885b6124f", "embedding": null, "metadata": {"file_name": "description_personna.docx", "file_path": "C:\\Users\\HP\\Documents\\projet_option\\v2\\data_persona\\description_personna.docx", "file_type": "application/vnd.openxmlformats-officedocument.wordprocessingml.document", "file_size": 33930, "creation_date": "2025-02-05", "last_modified_date": "2025-01-07"}, "excluded_embed_metadata_keys": ["file_name", "file_type", "file_size", "creation_date", "last_modified_date", "last_accessed_date"], "excluded_llm_metadata_keys": ["file_name", "file_type", "file_size", "creation_date", "last_modified_date", "last_accessed_date"], "relationships": {"1": {"node_id": "2f98f707-1bc2-4630-b1fc-4694cf9022f0", "node_type": "4", "metadata": {"file_name": "description_personna.docx", "file_path": "C:\\Users\\HP\\Documents\\projet_option\\v2\\data_persona\\description_personna.docx", "file_type": "application/vnd.openxmlformats-officedocument.wordprocessingml.document", "file_size": 33930, "creation_date": "2025-02-05", "last_modified_date": "2025-01-07"}, "hash": "39cf2f79a621ece500a47b48a2f459ca12d0686aaea1e73bca9a2a92b3d6a716", "class_name": "RelatedNodeInfo"}, "2": {"node_id": "cca87b11-bec6-46f4-9bd0-464e4ac60ac5", "node_type": "1", "metadata": {"file_name": "description_personna.docx", "file_path": "C:\\Users\\HP\\Documents\\projet_option\\v2\\data_persona\\description_personna.docx", "file_type": "application/vnd.openxmlformats-officedocument.wordprocessingml.document", "file_size": 33930, "creation_date": "2025-02-05", "last_modified_date": "2025-01-07"}, "hash": "d0d953c23d67e0b21cc9487c9277ca6e74345744deb55af4baa44852328473fa", "class_name": "RelatedNodeInfo"}, "3": {"node_id": "8ae7daf3-a1c0-4eb1-abb3-0050b1410bcc", "node_type": "1", "metadata": {}, "hash": "9be7271f55124f1d6cbcad0e4b283db90bc6b3a0ee00dc4ef281b62608612077", "class_name": "RelatedNodeInfo"}}, "text": "<!-- Exemple 1 -->\n\n\n\n\n\nExemple 2 :\n\n\n\n{\n\n  \"user_id\": \"234567\",\n\n  \"search_history\": [\n\n    {\n\n      \"timestamp\": \"2025-01-06T08:00:00Z\",\n\n      \"query\": \"soldes jeux vid\u00e9o\",\n\n      \"results\": [\n\n        { \"product_id\": \"xyz234\", \"product_name\": \"Console de jeu ABC\", \"discount\": 20, \"price\": 199.99 },\n\n        { \"product_id\": \"abc789\", \"product_name\": \"Jeu vid\u00e9o XYZ\", \"discount\": 15, \"price\": 39.99 }\n\n      ]\n\n    },\n\n    {\n\n      \"timestamp\": \"2025-01-06T09:30:00Z\",\n\n      \"query\": \"r\u00e9ductions accessoires smartphone\",\n\n      \"results\": [\n\n        { \"product_id\": \"def345\", \"product_name\": \"Chargeur sans fil\", \"discount\": 10, \"price\": 29.99 },\n\n        { \"product_id\": \"ghi678\", \"product_name\": \"Coque iPhone\", \"discount\": 25, \"price\": 14.99 }\n\n      ]\n\n    }\n\n  ],\n\n  \"wishlist\": [\n\n    { \"product_id\": \"xyz234\", \"product_name\": \"Console de jeu ABC\", \"price\": 199.99 },\n\n    { \"product_id\": \"def345\", \"product_name\": \"Chargeur sans fil\", \"price\": 29.99 }\n\n  ],\n\n  \"cart\": [\n\n    { \"product_id\": \"ghi678\", \"product_name\": \"Coque iPhone\", \"quantity\": 1, \"price\": 14.99 }\n\n  ],\n\n  \"loyalty_points\": 200,\n\n  \"last_purchase\": {\n\n    \"timestamp\": \"2025-01-03T15:00:00Z\",\n\n    \"product_id\": \"abc789\",\n\n    \"product_name\": \"Jeu vid\u00e9o XYZ\",\n\n    \"discount\": 15,\n\n    \"price\": 39.99\n\n  },\n\n  \"promo_subscriptions\": [\n\n    { \"store\": \"Store C\", \"subscription_date\": \"2025-01-02T12:00:00Z\", \"active\": true }\n\n  ],\n\n  \"price_alerts\": [\n\n    { \"product_id\": \"xyz234\", \"product_name\": \"Console de jeu ABC\", \"alert_type\": \"price_drop\", \"target_price\": 179.99 }\n\n  ],\n\n  \"notifications\": [\n\n    { \"timestamp\": \"2025-01-06T14:00:00Z\", \"message\": \"Vous avez \u00e9conomis\u00e9 30% sur votre dernier achat !\" }\n\n  ]\n\n}\n\n\n\n<!-- Exemple 2 -->\n\n\n\n\n\nExemple 3 :", "mimetype": "text/plain", "start_char_idx": 17699, "end_char_idx": 19436, "text_template": "{metadata_str}\n\n{content}", "metadata_template": "{key}: {value}", "metadata_seperator": "\n", "class_name": "TextNode"}, "__type__": "1"}, "8ae7daf3-a1c0-4eb1-abb3-0050b1410bcc": {"__data__": {"id_": "8ae7daf3-a1c0-4eb1-abb3-0050b1410bcc", "embedding": null, "metadata": {"file_name": "description_personna.docx", "file_path": "C:\\Users\\HP\\Documents\\projet_option\\v2\\data_persona\\description_personna.docx", "file_type": "application/vnd.openxmlformats-officedocument.wordprocessingml.document", "file_size": 33930, "creation_date": "2025-02-05", "last_modified_date": "2025-01-07"}, "excluded_embed_metadata_keys": ["file_name", "file_type", "file_size", "creation_date", "last_modified_date", "last_accessed_date"], "excluded_llm_metadata_keys": ["file_name", "file_type", "file_size", "creation_date", "last_modified_date", "last_accessed_date"], "relationships": {"1": {"node_id": "2f98f707-1bc2-4630-b1fc-4694cf9022f0", "node_type": "4", "metadata": {"file_name": "description_personna.docx", "file_path": "C:\\Users\\HP\\Documents\\projet_option\\v2\\data_persona\\description_personna.docx", "file_type": "application/vnd.openxmlformats-officedocument.wordprocessingml.document", "file_size": 33930, "creation_date": "2025-02-05", "last_modified_date": "2025-01-07"}, "hash": "39cf2f79a621ece500a47b48a2f459ca12d0686aaea1e73bca9a2a92b3d6a716", "class_name": "RelatedNodeInfo"}, "2": {"node_id": "d0850fc2-6bf4-49ea-8492-3ae885b6124f", "node_type": "1", "metadata": {"file_name": "description_personna.docx", "file_path": "C:\\Users\\HP\\Documents\\projet_option\\v2\\data_persona\\description_personna.docx", "file_type": "application/vnd.openxmlformats-officedocument.wordprocessingml.document", "file_size": 33930, "creation_date": "2025-02-05", "last_modified_date": "2025-01-07"}, "hash": "1c6e53888d58a8584eefbb0fcbd886206bfe7913ae84c96bc798546a94a40036", "class_name": "RelatedNodeInfo"}, "3": {"node_id": "e42dff82-cdbd-4423-827a-0eb39c932b06", "node_type": "1", "metadata": {}, "hash": "3278bb45fcb9a899350254366162005a908e1cd51e9f7bbb9c47aac0ca6ccf72", "class_name": "RelatedNodeInfo"}}, "text": "<!-- Exemple 2 -->\n\n\n\n\n\nExemple 3 :\n\n\n\n{\n\n  \"user_id\": \"345678\",\n\n  \"search_history\": [\n\n    {\n\n      \"timestamp\": \"2025-01-05T13:30:00Z\",\n\n      \"query\": \"r\u00e9ductions produits b\u00e9b\u00e9\",\n\n      \"results\": [\n\n        { \"product_id\": \"jkl101\", \"product_name\": \"Poussette l\u00e9g\u00e8re\", \"discount\": 30, \"price\": 149.99 },\n\n        { \"product_id\": \"mno234\", \"product_name\": \"Si\u00e8ge auto\", \"discount\": 25, \"price\": 79.99 }\n\n      ]\n\n    },\n\n    {\n\n      \"timestamp\": \"2025-01-06T10:00:00Z\",\n\n      \"query\": \"offres sp\u00e9ciales jouets enfants\",\n\n      \"results\": [\n\n        { \"product_id\": \"pqr567\", \"product_name\": \"Train \u00e9lectrique\", \"discount\": 20, \"price\": 29.99 },\n\n        { \"product_id\": \"stu890\", \"product_name\": \"Puzzle g\u00e9ant\", \"discount\": 15, \"price\": 19.99 }\n\n      ]\n\n    }\n\n  ],\n\n  \"wishlist\": [\n\n    { \"product_id\": \"jkl101\", \"product_name\": \"Poussette l\u00e9g\u00e8re\", \"price\": 149.99 },\n\n    { \"product_id\": \"stu890\", \"product_name\": \"Puzzle g\u00e9ant\", \"price\": 19.99 }\n\n  ],\n\n  \"cart\": [\n\n    { \"product_id\": \"mno234\", \"product_name\": \"Si\u00e8ge auto\", \"quantity\": 1, \"price\": 79.99 }\n\n  ],\n\n  \"loyalty_points\": 180,\n\n  \"last_purchase\": {\n\n    \"timestamp\": \"2025-01-04T14:00:00Z\",\n\n    \"product_id\": \"pqr567\",\n\n    \"product_name\": \"Train \u00e9lectrique\",\n\n    \"discount\": 20,\n\n    \"price\": 29.99\n\n  },\n\n  \"promo_subscriptions\": [\n\n    { \"store\": \"Store D\", \"subscription_date\": \"2025-01-01T10:00:00Z\", \"active\": true }\n\n  ],\n\n  \"price_alerts\": [\n\n    { \"product_id\": \"jkl101\", \"product_name\": \"Poussette l\u00e9g\u00e8re\", \"alert_type\": \"price_drop\", \"target_price\": 139.99 }\n\n  ],\n\n  \"notifications\": [\n\n    { \"timestamp\": \"2025-01-06T11:00:00Z\", \"message\": \"Profitez de 30% de r\u00e9duction sur vos produits b\u00e9b\u00e9 !\" }\n\n  ]\n\n}\n\n\n\n<!-- Exemple 3 -->\n\n\n\n\n\nExemple 4 :", "mimetype": "text/plain", "start_char_idx": 19401, "end_char_idx": 21132, "text_template": "{metadata_str}\n\n{content}", "metadata_template": "{key}: {value}", "metadata_seperator": "\n", "class_name": "TextNode"}, "__type__": "1"}, "e42dff82-cdbd-4423-827a-0eb39c932b06": {"__data__": {"id_": "e42dff82-cdbd-4423-827a-0eb39c932b06", "embedding": null, "metadata": {"file_name": "description_personna.docx", "file_path": "C:\\Users\\HP\\Documents\\projet_option\\v2\\data_persona\\description_personna.docx", "file_type": "application/vnd.openxmlformats-officedocument.wordprocessingml.document", "file_size": 33930, "creation_date": "2025-02-05", "last_modified_date": "2025-01-07"}, "excluded_embed_metadata_keys": ["file_name", "file_type", "file_size", "creation_date", "last_modified_date", "last_accessed_date"], "excluded_llm_metadata_keys": ["file_name", "file_type", "file_size", "creation_date", "last_modified_date", "last_accessed_date"], "relationships": {"1": {"node_id": "2f98f707-1bc2-4630-b1fc-4694cf9022f0", "node_type": "4", "metadata": {"file_name": "description_personna.docx", "file_path": "C:\\Users\\HP\\Documents\\projet_option\\v2\\data_persona\\description_personna.docx", "file_type": "application/vnd.openxmlformats-officedocument.wordprocessingml.document", "file_size": 33930, "creation_date": "2025-02-05", "last_modified_date": "2025-01-07"}, "hash": "39cf2f79a621ece500a47b48a2f459ca12d0686aaea1e73bca9a2a92b3d6a716", "class_name": "RelatedNodeInfo"}, "2": {"node_id": "8ae7daf3-a1c0-4eb1-abb3-0050b1410bcc", "node_type": "1", "metadata": {"file_name": "description_personna.docx", "file_path": "C:\\Users\\HP\\Documents\\projet_option\\v2\\data_persona\\description_personna.docx", "file_type": "application/vnd.openxmlformats-officedocument.wordprocessingml.document", "file_size": 33930, "creation_date": "2025-02-05", "last_modified_date": "2025-01-07"}, "hash": "f27bb841008ca7d8ff6ea023c34678586459d15cefe2003ce575516ad92f45f3", "class_name": "RelatedNodeInfo"}, "3": {"node_id": "d511362d-48d0-4bdf-a28f-49cd3bf3f093", "node_type": "1", "metadata": {}, "hash": "e968866f648d01a0ace84528483c8d6dd8c9dfd9bc76694adeb2a4146189bc6a", "class_name": "RelatedNodeInfo"}}, "text": "<!-- Exemple 3 -->\n\n\n\n\n\nExemple 4 :\n\n\n\n{\n\n  \"user_id\": \"789012\",\n\n  \"search_history\": [\n\n    {\n\n      \"timestamp\": \"2025-01-06T09:00:00Z\",\n\n      \"query\": \"soldes accessoires maison\",\n\n      \"results\": [\n\n        { \"product_id\": \"mno234\", \"product_name\": \"Lampe LED\", \"discount\": 40, \"price\": 19.99 },\n\n        { \"product_id\": \"pqr567\", \"product_name\": \"Horloge murale\", \"discount\": 25, \"price\": 14.99 }\n\n      ]\n\n    },\n\n    {\n\n      \"timestamp\": \"2025-01-06T11:30:00Z\",\n\n      \"query\": \"offres sp\u00e9ciales produits beaut\u00e9\",\n\n      \"results\": [\n\n        { \"product_id\": \"stu890\", \"product_name\": \"Cr\u00e8me anti-\u00e2ge\", \"discount\": 30, \"price\": 39.99 },\n\n        { \"product_id\": \"vwx123\", \"product_name\": \"Shampooing bio\", \"discount\": 20, \"price\": 12.99 }\n\n      ]\n\n    }\n\n  ],\n\n  \"wishlist\": [\n\n    { \"product_id\": \"mno234\", \"product_name\": \"Lampe LED\", \"price\": 19.99 },\n\n    { \"product_id\": \"stu890\", \"product_name\": \"Cr\u00e8me anti-\u00e2ge\", \"price\": 39.99 }\n\n  ],\n\n  \"cart\": [\n\n    { \"product_id\": \"mno234\", \"product_name\": \"Lampe LED\", \"quantity\": 2, \"price\": 19.99 }\n\n  ],\n\n  \"loyalty_points\": 220,\n\n  \"last_purchase\": {\n\n    \"timestamp\": \"2025-01-04T16:00:00Z\",\n\n    \"product_id\": \"pqr567\",\n\n    \"product_name\": \"Horloge murale\",\n\n    \"discount\": 25,\n\n    \"price\": 14.99\n\n  },\n\n  \"promo_subscriptions\": [\n\n    { \"store\": \"Store C\", \"subscription_date\": \"2025-01-03T08:30:00Z\", \"active\": true },\n\n    { \"store\": \"Store D\", \"subscription_date\": \"2025-01-02T10:00:00Z\", \"active\": true }\n\n  ],\n\n  \"price_alerts\": [\n\n    { \"product_id\": \"stu890\", \"product_name\": \"Cr\u00e8me anti-\u00e2ge\", \"alert_type\": \"price_drop\", \"target_price\": 29.99 }\n\n  ],\n\n  \"notifications\": [\n\n    { \"timestamp\": \"2025-01-06T14:00:00Z\", \"message\": \"Vous avez \u00e9conomis\u00e9 25% sur vos derniers achats !\" }\n\n  ]\n\n}\n\n\n\n<!-- Exemple 4 -->\n\n\n\n\n\nExemple 5 :", "mimetype": "text/plain", "start_char_idx": 21097, "end_char_idx": 22901, "text_template": "{metadata_str}\n\n{content}", "metadata_template": "{key}: {value}", "metadata_seperator": "\n", "class_name": "TextNode"}, "__type__": "1"}, "d511362d-48d0-4bdf-a28f-49cd3bf3f093": {"__data__": {"id_": "d511362d-48d0-4bdf-a28f-49cd3bf3f093", "embedding": null, "metadata": {"file_name": "description_personna.docx", "file_path": "C:\\Users\\HP\\Documents\\projet_option\\v2\\data_persona\\description_personna.docx", "file_type": "application/vnd.openxmlformats-officedocument.wordprocessingml.document", "file_size": 33930, "creation_date": "2025-02-05", "last_modified_date": "2025-01-07"}, "excluded_embed_metadata_keys": ["file_name", "file_type", "file_size", "creation_date", "last_modified_date", "last_accessed_date"], "excluded_llm_metadata_keys": ["file_name", "file_type", "file_size", "creation_date", "last_modified_date", "last_accessed_date"], "relationships": {"1": {"node_id": "2f98f707-1bc2-4630-b1fc-4694cf9022f0", "node_type": "4", "metadata": {"file_name": "description_personna.docx", "file_path": "C:\\Users\\HP\\Documents\\projet_option\\v2\\data_persona\\description_personna.docx", "file_type": "application/vnd.openxmlformats-officedocument.wordprocessingml.document", "file_size": 33930, "creation_date": "2025-02-05", "last_modified_date": "2025-01-07"}, "hash": "39cf2f79a621ece500a47b48a2f459ca12d0686aaea1e73bca9a2a92b3d6a716", "class_name": "RelatedNodeInfo"}, "2": {"node_id": "e42dff82-cdbd-4423-827a-0eb39c932b06", "node_type": "1", "metadata": {"file_name": "description_personna.docx", "file_path": "C:\\Users\\HP\\Documents\\projet_option\\v2\\data_persona\\description_personna.docx", "file_type": "application/vnd.openxmlformats-officedocument.wordprocessingml.document", "file_size": 33930, "creation_date": "2025-02-05", "last_modified_date": "2025-01-07"}, "hash": "e1046798b19502864caf2075ed33c557eb755eecec98ff849987bda5309277c9", "class_name": "RelatedNodeInfo"}}, "text": "<!-- Exemple 4 -->\n\n\n\n\n\nExemple 5 :\n\n\n\n{\n\n  \"user_id\": \"890123\",\n\n  \"search_history\": [\n\n    {\n\n      \"timestamp\": \"2025-01-05T12:00:00Z\",\n\n      \"query\": \"promotions v\u00eatements printemps\",\n\n      \"results\": [\n\n        { \"product_id\": \"abc987\", \"product_name\": \"Robe d'\u00e9t\u00e9\", \"discount\": 20, \"price\": 49.99 },\n\n        { \"product_id\": \"def654\", \"product_name\": \"T-shirt l\u00e9ger\", \"discount\": 15, \"price\": 19.99 }\n\n      ]\n\n    },\n\n    {\n\n      \"timestamp\": \"2025-01-06T08:30:00Z\",\n\n      \"query\": \"r\u00e9ductions mat\u00e9riel de sport\",\n\n      \"results\": [\n\n        { \"product_id\": \"ghi321\", \"product_name\": \"V\u00e9lo de montagne\", \"discount\": 25, \"price\": 349.99 },\n\n        { \"product_id\": \"jkl432\", \"product_name\": \"Raquette de tennis\", \"discount\": 10, \"price\": 59.99 }\n\n      ]\n\n    }\n\n  ],\n\n  \"wishlist\": [\n\n    { \"product_id\": \"abc987\", \"product_name\": \"Robe d'\u00e9t\u00e9\", \"price\": 49.99 },\n\n    { \"product_id\": \"ghi321\", \"product_name\": \"V\u00e9lo de montagne\", \"price\": 349.99 }\n\n  ],\n\n  \"cart\": [\n\n    { \"product_id\": \"def654\", \"product_name\": \"T-shirt l\u00e9ger\", \"quantity\": 1, \"price\": 19.99 }\n\n  ],\n\n  \"loyalty_points\": 300,\n\n  \"last_purchase\": {\n\n    \"timestamp\": \"2025-01-04T13:30:00Z\",\n\n    \"product_id\": \"def654\",\n\n    \"product_name\": \"T-shirt l\u00e9ger\",\n\n    \"discount\": 15,\n\n    \"price\": 19.99\n\n  },\n\n  \"promo_subscriptions\": [\n\n    { \"store\": \"Store E\", \"subscription_date\": \"2025-01-01T14:00:00Z\", \"active\": true }\n\n  ],\n\n  \"price_alerts\": [\n\n    { \"product_id\": \"ghi321\", \"product_name\": \"V\u00e9lo de montagne\", \"alert_type\": \"price_drop\", \"target_price\": 299.99 }\n\n  ],\n\n  \"notifications\": [\n\n    { \"timestamp\": \"2025-01-06T10:00:00Z\", \"message\": \"\u00c9conomisez 20% sur vos v\u00eatements d'\u00e9t\u00e9 !\" }\n\n  ]\n\n}\n\n\n\n<!-- Exemple 5 -->\u00a0\u00bb", "mimetype": "text/plain", "start_char_idx": 22866, "end_char_idx": 24574, "text_template": "{metadata_str}\n\n{content}", "metadata_template": "{key}: {value}", "metadata_seperator": "\n", "class_name": "TextNode"}, "__type__": "1"}}, "docstore/ref_doc_info": {"2f98f707-1bc2-4630-b1fc-4694cf9022f0": {"node_ids": ["e07bb6d2-d3c1-4902-a82c-b245fb4006e6", "7587d94a-9fef-4eae-b606-b87a3d275a38", "5f26b506-f4af-4c9a-bec4-63065efbcf4c", "3a924d85-5c94-4597-b297-5e618bfcadcf", "a0025154-ebc6-4ea3-a1b5-835673b10429", "4fc786ce-bb6d-4d13-97f4-215010c42c79", "cca87b11-bec6-46f4-9bd0-464e4ac60ac5", "d0850fc2-6bf4-49ea-8492-3ae885b6124f", "8ae7daf3-a1c0-4eb1-abb3-0050b1410bcc", "e42dff82-cdbd-4423-827a-0eb39c932b06", "d511362d-48d0-4bdf-a28f-49cd3bf3f093"], "metadata": {"file_name": "description_personna.docx", "file_path": "C:\\Users\\HP\\Documents\\projet_option\\v2\\data_persona\\description_personna.docx", "file_type": "application/vnd.openxmlformats-officedocument.wordprocessingml.document", "file_size": 33930, "creation_date": "2025-02-05", "last_modified_date": "2025-01-07"}}}}